{"cameraMode":{"drawMode":0,"name":"Shaded","section":"Shading Mode"},"sceneLighting":true,"audioPlay":false,"sceneViewState":{"showFog":true,"showMaterialUpdate":false,"showSkybox":true,"showFlares":true,"showImageEffects":true,"showParticleSystems":true},"in2DMode":false,"pivot":{"x":-9.072223663330079,"y":-2.2203726768493654,"z":-6.094564437866211},"rotation":{"x":-0.43747788667678835,"y":-0.10794486105442047,"z":0.052985236048698428,"w":-0.891251802444458},"size":6.33721399307251,"orthographic":false}