{"cameraMode":{"drawMode":0,"name":"Shaded","section":"Shading Mode"},"sceneLighting":true,"audioPlay":false,"sceneViewState":{"showFog":true,"showMaterialUpdate":false,"showSkybox":true,"showFlares":true,"showImageEffects":true,"showParticleSystems":true},"in2DMode":false,"pivot":{"x":1677.02978515625,"y":-167.05706787109376,"z":-99.18548583984375},"rotation":{"x":-0.10395194590091706,"y":-0.684495210647583,"z":0.10036084800958634,"w":-0.7155898809432983},"size":527.4550170898438,"orthographic":false}