{"cameraMode":{"drawMode":0,"name":"Shaded","section":"Shading Mode"},"sceneLighting":true,"audioPlay":false,"sceneViewState":{"showFog":true,"showMaterialUpdate":false,"showSkybox":true,"showFlares":true,"showImageEffects":true,"showParticleSystems":true},"in2DMode":false,"pivot":{"x":139.80386352539063,"y":5.078739166259766,"z":-129.72988891601563},"rotation":{"x":0.041460394859313968,"y":0.052595797926187518,"z":0.00002139227945008315,"w":0.9981923699378967},"size":10.0,"orthographic":false}