{"cameraMode":{"drawMode":0,"name":"Shaded","section":"Shading Mode"},"sceneLighting":true,"audioPlay":false,"sceneViewState":{"showFog":true,"showMaterialUpdate":false,"showSkybox":true,"showFlares":true,"showImageEffects":true,"showParticleSystems":true},"in2DMode":false,"pivot":{"x":-284.0026550292969,"y":226.46910095214845,"z":-658.774658203125},"rotation":{"x":0.025075310841202737,"y":-0.9455052018165588,"z":0.08421514183282852,"w":0.3150186538696289},"size":606.9161987304688,"orthographic":false}